ligne_id	commande_fk	article_fk	quantite	prix_unitaire	parent_ligne_fk
1	1	2	1	18	
2	1	3	1	20	
3	1	25	1	5	
4	1	30	1	5	
5	2	2	1	18	
6	2	4	1	18	
7	2	1	1	14	
8	2	25	1	5	
9	3	2	1	18	
10	3	8	1	20.5	
11	3	28	1	6	
12	4	5	1	17	
13	4	6	1	19	
14	4	4	1	18	
15	5	5	1	17	
16	5	3	1	20	
17	5	7	1	19.5	
18	5	24	1	4	
19	5	21	1	3	
20	5	28	1	6	
21	6	3	1	20	
22	6	7	1	19.5	
23	6	23	1	4.5	
24	7	4	1	18	
25	7	5	1	17	
26	7	6	1	19	
27	7	22	1	4	
28	8	3	1	20	
29	8	21	1	3	
30	8	22	1	4	
31	9	5	1	17	
32	9	7	1	19.5	
33	9	22	1	4	
34	10	6	1	19	
35	10	2	1	18	
36	10	21	1	3	
37	10	27	1	6	
38	11	7	1	19.5	
39	11	4	2	18	
40	11	26	1	4.5	
41	12	1	1	14	
42	12	3	2	20	
43	12	23	1	4.5	
44	13	2	1	18	
45	13	25	1	5	
46	14	2	1	18	
47	14	5	1	17	
48	14	6	1	19	
49	14	21	1	3	
50	15	2	1	18	
51	15	21	1	3	
52	16	6	1	19	
53	16	2	1	18	
54	17	6	2	19	
55	18	5	2	17	
56	18	1	1	14	
57	18	26	1	4.5	
58	19	7	1	19.5	
59	19	6	2	19	
60	19	23	1	4.5	
61	20	1	1	14	
62	20	23	1	4.5	
63	21	4	1	18	
64	21	1	2	14	
65	21	26	1	4.5	
66	22	6	2	19	
67	22	1	2	14	
68	23	4	1	18	
69	23	6	1	19	
70	23	25	1	5	
71	23	27	1	6	
72	24	6	1	19	
73	24	4	1	18	
74	24	25	1	5	
75	25	1	1	14	
76	25	7	2	19.5	
77	26	8	1	20.5	
78	26	5	2	17	
79	26	25	1	5	
80	26	22	1	4	
81	27	3	2	20	
82	27	7	1	19.5	
83	27	22	1	4	
84	28	3	1	20	
85	28	4	2	18	
86	29	3	1	20	
87	29	8	1	20.5	
88	29	21	1	3	
89	29	23	1	4.5	
90	29	27	1	6	
91	30	2	1	18	
92	30	7	1	19.5	
93	30	21	1	3	
94	30	23	1	4.5	
95	30	29	1	5.5	
96	31	8	2	20.5	
97	31	6	2	19	
98	31	22	1	4	
99	31	22	1	4	
100	32	6	1	19	
101	32	1	2	14	
102	33	7	2	19.5	
103	33	3	1	20	
104	34	7	1	19.5	
105	34	8	1	20.5	
106	34	5	1	17	
107	34	26	1	4.5	
108	34	28	1	6	
109	35	1	1	14	
110	35	4	1	18	
111	35	8	1	20.5	
112	35	23	1	4.5	
113	36	2	1	18	
114	36	1	1	14	
115	36	24	1	4	
116	36	22	1	4	
117	37	5	2	17	
118	37	3	1	20	
119	37	22	1	4	
120	38	8	1	20.5	
121	39	3	1	20	
122	39	2	2	18	
123	39	25	1	5	
124	40	6	2	19	
125	40	3	1	20	
126	40	22	1	4	
127	41	1	1	14	
128	41	7	2	19.5	
129	42	5	1	17	
130	42	2	1	18	
131	42	23	1	4.5	
132	43	5	1	17	
133	43	2	1	18	
134	43	7	2	19.5	
135	43	24	1	4	
136	44	8	1	20.5	
137	44	26	1	4.5	
138	45	6	2	19	
139	45	8	1	20.5	
140	45	21	1	3	
141	45	26	1	4.5	
142	46	3	1	20	
143	46	2	1	18	
144	46	22	1	4	
145	47	3	1	20	
146	47	5	2	17	
147	47	2	1	18	
148	48	1	1	14	
149	48	23	1	4.5	
150	49	7	1	19.5	
151	49	6	2	19	
152	49	28	1	6	
153	50	5	1	17	
154	50	7	2	19.5	
155	50	24	1	4	
156	50	24	1	4	
157	50	29	1	5.5	
158	51	5	1	17	
159	51	8	1	20.5	
160	51	7	1	19.5	
161	51	23	1	4.5	
162	51	25	1	5	
163	52	2	1	18	
164	52	1	2	14	
165	52	5	1	17	
166	52	23	1	4.5	
167	53	1	1	14	
168	53	8	2	20.5	
169	53	29	1	5.5	
170	54	3	2	20	
171	54	22	1	4	
172	54	30	1	5	
173	55	3	1	20	
174	56	6	1	19	
175	56	5	2	17	
176	56	26	1	4.5	
177	57	8	1	20.5	
178	57	3	2	20	
179	57	25	1	5	
180	58	1	2	14	
181	58	7	1	19.5	
182	59	2	2	18	
183	59	26	1	4.5	
184	60	4	2	18	
185	60	2	1	18	
186	60	24	1	4	
187	60	27	1	6	
188	61	1	1	14	
189	61	5	1	17	
190	61	28	1	6	
191	62	7	1	19.5	
192	62	5	1	17	
193	63	4	1	18	
194	63	26	1	4.5	
195	63	28	1	6	
196	64	7	1	19.5	
197	64	6	1	19	
198	65	1	1	14	
199	65	6	1	19	
200	65	3	1	20	
201	65	26	1	4.5	
202	65	25	1	5	
203	66	1	2	14	
204	67	2	1	18	
205	67	8	2	20.5	
206	67	23	1	4.5	
207	67	30	1	5	
208	68	5	1	17	
209	68	23	1	4.5	
210	69	6	1	19	
211	69	24	1	4	
212	69	28	1	6	
213	70	5	1	17	
214	70	1	1	14	
215	70	8	1	20.5	
216	71	2	1	18	
217	72	2	1	18	
218	72	5	1	17	
219	72	24	1	4	
220	73	6	2	19	
221	73	5	1	17	
222	73	28	1	6	
223	74	5	1	17	
224	74	6	1	19	
225	74	28	1	6	
226	75	6	1	19	
227	75	28	1	6	
228	76	8	1	20.5	
229	76	24	1	4	
230	77	8	1	20.5	
231	77	29	1	5.5	
232	78	7	1	19.5	
233	78	3	1	20	
234	78	26	1	4.5	
235	78	25	1	5	
236	78	29	1	5.5	
237	79	1	1	14	
238	80	3	1	20	
239	80	23	1	4.5	
240	80	25	1	5	
241	80	28	1	6	
242	81	3	1	20	
243	81	6	1	19	
244	81	7	1	19.5	
245	82	3	1	20	
246	82	4	1	18	
247	82	23	1	4.5	
248	83	6	1	19	
249	83	5	1	17	
250	83	8	1	20.5	
251	83	24	1	4	
252	83	27	1	6	
253	84	5	1	17	
254	84	2	1	18	
255	84	8	1	20.5	
256	84	30	1	5	
257	85	4	1	18	
258	85	8	1	20.5	
259	85	21	1	3	
260	85	22	1	4	
261	86	7	1	19.5	
262	86	24	1	4	
263	86	24	1	4	
264	87	4	2	18	
265	87	7	1	19.5	
266	87	27	1	6	
267	88	5	1	17	
268	88	7	1	19.5	
269	88	25	1	5	
270	88	25	1	5	
271	89	3	1	20	
272	90	3	1	20	
273	91	7	1	19.5	
274	91	4	1	18	
275	91	5	1	17	
276	91	27	1	6	
277	92	1	1	14	
278	92	2	1	18	
279	92	8	2	20.5	
280	93	4	1	18	
281	93	8	1	20.5	
282	93	23	1	4.5	
283	93	23	1	4.5	
284	94	8	1	20.5	
285	95	6	1	19	
286	95	4	2	18	
287	95	26	1	4.5	
288	95	26	1	4.5	
289	96	8	1	20.5	
290	96	22	1	4	
291	96	25	1	5	
292	97	1	1	14	
293	98	6	1	19	
294	98	4	1	18	
295	98	24	1	4	
296	99	6	2	19	
297	99	3	1	20	
298	99	24	1	4	
299	99	28	1	6	
300	100	7	2	19.5	
301	100	2	2	18	
302	100	26	1	4.5	
303	101	3	1	20	
304	101	1	1	14	
305	101	2	1	18	
306	101	26	1	4.5	
307	102	8	1	20.5	
308	102	7	1	19.5	
309	103	6	1	19	
310	103	8	1	20.5	
311	103	3	1	20	
312	104	3	2	20	
313	104	4	2	18	
314	104	26	1	4.5	
315	104	24	1	4	
316	105	6	1	19	
317	106	5	1	17	
318	106	3	1	20	
319	106	25	1	5	
320	106	22	1	4	
321	107	6	1	19	
322	107	2	1	18	
323	107	4	1	18	
324	107	26	1	4.5	
325	107	22	1	4	
326	108	7	2	19.5	
327	108	24	1	4	
328	108	30	1	5	
329	109	1	2	14	
330	109	2	1	18	
331	109	26	1	4.5	
332	110	4	1	18	
333	110	7	1	19.5	
334	110	22	1	4	
335	111	5	2	17	
336	111	3	1	20	
337	111	23	1	4.5	
338	111	27	1	6	
339	112	2	1	18	
340	112	4	1	18	
341	112	21	1	3	
342	112	30	1	5	
343	113	2	2	18	
344	113	23	1	4.5	
345	114	6	1	19	
346	114	8	1	20.5	
347	114	24	1	4	
348	114	29	1	5.5	
349	115	6	1	19	
350	115	7	1	19.5	
351	115	5	1	17	
352	115	25	1	5	
353	115	30	1	5	
354	116	8	2	20.5	
355	116	2	1	18	
356	116	23	1	4.5	
357	116	28	1	6	
358	117	7	1	19.5	
359	117	8	1	20.5	
360	117	22	1	4	
361	118	3	1	20	
362	119	7	1	19.5	
363	119	5	1	17	
364	119	3	1	20	
365	120	8	1	20.5	
366	120	4	1	18	
367	121	3	2	20	
368	121	25	1	5	
369	121	22	1	4	
370	121	29	1	5.5	
371	122	2	1	18	
372	122	5	1	17	
373	122	27	1	6	
374	123	1	1	14	
375	123	6	1	19	
376	123	7	2	19.5	
377	123	29	1	5.5	
378	124	3	2	20	
379	124	7	1	19.5	
380	124	26	1	4.5	
381	125	7	1	19.5	
382	125	3	2	20	
383	125	22	1	4	
384	125	29	1	5.5	
385	126	5	2	17	
386	126	21	1	3	
387	127	3	1	20	
388	127	6	2	19	
389	127	30	1	5	
390	128	7	1	19.5	
391	128	2	1	18	
392	128	21	1	3	
393	128	30	1	5	
394	129	3	1	20	
395	129	1	1	14	
396	130	4	1	18	
397	130	8	1	20.5	
398	130	22	1	4	
399	131	2	1	18	
400	131	8	1	20.5	
401	132	5	1	17	
402	132	8	1	20.5	
403	133	1	1	14	
404	133	3	1	20	
405	133	4	1	18	
406	133	22	1	4	
407	134	1	1	14	
408	134	28	1	6	
409	135	4	1	18	
410	135	21	1	3	
411	135	26	1	4.5	
412	136	3	1	20	
413	136	4	2	18	
414	136	30	1	5	
415	137	2	1	18	
416	137	6	1	19	
417	138	5	1	17	
418	138	21	1	3	
419	139	8	1	20.5	
420	139	4	2	18	
421	139	22	1	4	
422	139	28	1	6	
423	140	2	2	18	
424	140	4	1	18	
425	140	8	1	20.5	
426	140	30	1	5	
427	141	1	1	14	
428	141	8	1	20.5	
429	141	5	1	17	
430	141	29	1	5.5	
431	142	8	1	20.5	
432	142	4	1	18	
433	142	21	1	3	
434	143	1	1	14	
435	143	6	1	19	
436	143	29	1	5.5	
437	144	8	1	20.5	
438	144	4	1	18	
439	145	6	1	19	
440	145	7	2	19.5	
441	146	7	1	19.5	
442	146	1	1	14	
443	146	4	1	18	
444	146	25	1	5	
445	146	29	1	5.5	
446	147	1	1	14	
447	147	4	2	18	
448	148	6	2	19	
449	148	2	2	18	
450	149	4	2	18	
451	149	2	1	18	
452	149	26	1	4.5	
453	149	30	1	5	
454	150	8	1	20.5	
455	151	8	1	20.5	
456	151	4	2	18	
457	151	23	1	4.5	
458	152	2	1	18	
459	152	4	1	18	
460	153	4	1	18	
461	153	7	1	19.5	
462	153	6	1	19	
463	154	7	1	19.5	
464	154	1	1	14	
465	154	21	1	3	
466	154	28	1	6	
467	155	5	1	17	
468	155	23	1	4.5	
469	155	29	1	5.5	
470	156	6	2	19	
471	156	5	1	17	
472	156	1	1	14	
473	157	7	2	19.5	
474	157	27	1	6	
475	158	7	1	19.5	
476	158	8	1	20.5	
477	158	4	1	18	
478	159	6	1	19	
479	159	1	1	14	
480	159	23	1	4.5	
481	160	5	1	17	
482	160	24	1	4	
483	160	25	1	5	
484	161	5	1	17	
485	161	22	1	4	
486	162	5	2	17	
487	162	3	2	20	
488	162	23	1	4.5	
489	163	7	1	19.5	
490	163	23	1	4.5	
491	163	29	1	5.5	
492	164	7	1	19.5	
493	164	30	1	5	
494	165	7	1	19.5	
495	165	21	1	3	
496	165	23	1	4.5	
497	166	1	2	14	
498	166	7	1	19.5	
499	166	23	1	4.5	
500	166	27	1	6	
501	167	2	2	18	
502	167	26	1	4.5	
503	168	7	1	19.5	
504	168	6	1	19	
505	169	8	2	20.5	
506	169	1	1	14	
507	170	1	1	14	
508	170	8	2	20.5	
509	171	6	1	19	
510	171	3	1	20	
511	171	23	1	4.5	
512	171	30	1	5	
513	172	2	1	18	
514	172	6	1	19	
515	172	21	1	3	
516	172	26	1	4.5	
517	173	1	2	14	
518	173	3	2	20	
519	173	21	1	3	
520	173	28	1	6	
521	174	1	1	14	
522	174	3	2	20	
523	174	8	1	20.5	
524	174	26	1	4.5	
525	175	1	2	14	
526	175	5	2	17	
527	175	22	1	4	
528	175	30	1	5	
529	176	5	1	17	
530	177	8	1	20.5	
531	177	21	1	3	
532	177	25	1	5	
533	178	1	2	14	
534	178	2	2	18	
535	178	22	1	4	
536	179	3	2	20	
537	179	7	2	19.5	
538	179	26	1	4.5	
539	179	23	1	4.5	
540	179	27	1	6	
541	180	8	1	20.5	
542	180	1	1	14	
543	180	23	1	4.5	
544	180	28	1	6	
545	181	6	1	19	
546	181	2	1	18	
547	181	3	2	20	
548	181	30	1	5	
549	182	4	1	18	
550	182	22	1	4	
551	183	2	1	18	
552	183	4	1	18	
553	183	26	1	4.5	
554	183	21	1	3	
555	183	29	1	5.5	
556	184	1	1	14	
557	184	7	1	19.5	
558	185	6	2	19	
559	185	1	1	14	
560	186	4	1	18	
561	186	7	1	19.5	
562	186	25	1	5	
563	187	2	2	18	
564	187	22	1	4	
565	187	27	1	6	
566	188	1	1	14	
567	188	3	1	20	
568	188	21	1	3	
569	188	27	1	6	
570	189	6	1	19	
571	189	4	1	18	
572	189	23	1	4.5	
573	189	22	1	4	
574	190	5	2	17	
575	190	23	1	4.5	
576	190	25	1	5	
577	190	29	1	5.5	
578	191	3	1	20	
579	191	5	1	17	
580	191	23	1	4.5	
581	191	29	1	5.5	
582	192	8	1	20.5	
583	192	27	1	6	
584	193	5	2	17	
585	193	2	1	18	
586	193	22	1	4	
587	194	6	1	19	
588	194	3	1	20	
589	194	4	2	18	
590	194	24	1	4	
591	194	25	1	5	
592	195	3	2	20	
593	195	23	1	4.5	
594	196	8	1	20.5	
595	196	1	1	14	
596	196	27	1	6	
597	197	5	1	17	
598	197	6	1	19	
599	197	23	1	4.5	
600	197	24	1	4	
601	198	5	1	17	
602	198	8	2	20.5	
603	198	26	1	4.5	
604	199	5	1	17	
605	199	3	1	20	
606	199	25	1	5	
607	200	2	2	18	
608	200	22	1	4	
609	201	4	2	18	
610	201	3	1	20	
611	201	24	1	4	
612	201	27	1	6	
613	202	4	1	18	
614	202	23	1	4.5	
615	203	1	1	14	
616	203	5	2	17	
617	203	2	2	18	
618	204	7	1	19.5	
619	204	22	1	4	
620	204	24	1	4	
621	205	8	1	20.5	
622	205	2	1	18	
623	206	3	1	20	
624	206	4	2	18	
625	206	28	1	6	
626	207	5	1	17	
627	207	7	1	19.5	
628	208	3	1	20	
629	208	1	1	14	
630	208	7	1	19.5	
631	208	25	1	5	
632	208	24	1	4	
633	209	1	1	14	
634	209	24	1	4	
635	210	7	1	19.5	
636	210	4	1	18	
637	210	1	1	14	
638	210	23	1	4.5	
639	210	24	1	4	
640	211	6	1	19	
641	211	3	1	20	
642	211	8	1	20.5	
643	211	21	1	3	
644	212	7	1	19.5	
645	212	24	1	4	
646	213	3	1	20	
647	214	4	1	18	
648	215	5	1	17	
649	215	24	1	4	
650	216	8	1	20.5	
651	216	3	1	20	
652	216	6	1	19	
653	216	22	1	4	
654	216	29	1	5.5	
655	217	4	1	18	
656	217	8	1	20.5	
657	217	22	1	4	
658	217	28	1	6	
659	218	8	1	20.5	
660	219	2	1	18	
661	219	5	1	17	
662	219	25	1	5	
663	219	21	1	3	
664	220	3	2	20	
665	220	1	1	14	
666	220	21	1	3	
667	221	5	1	17	
668	221	1	2	14	
669	221	28	1	6	
670	222	8	1	20.5	
671	222	4	1	18	
672	222	1	1	14	
673	222	23	1	4.5	
674	223	6	1	19	
675	224	3	1	20	
676	224	26	1	4.5	
677	225	7	1	19.5	
678	225	23	1	4.5	
679	226	1	1	14	
680	227	5	2	17	
681	227	2	1	18	
682	228	8	2	20.5	
683	228	4	1	18	
684	228	24	1	4	
685	228	28	1	6	
686	229	8	2	20.5	
687	229	1	1	14	
688	230	1	2	14	
689	230	26	1	4.5	
690	231	8	2	20.5	
691	231	2	1	18	
692	231	23	1	4.5	
693	232	3	1	20	
694	232	8	1	20.5	
695	233	8	1	20.5	
696	233	1	1	14	
697	233	4	1	18	
698	233	23	1	4.5	
699	233	22	1	4	
700	234	3	1	20	
701	234	4	1	18	
702	234	21	1	3	
703	235	1	1	14	
704	235	26	1	4.5	
705	236	7	1	19.5	
706	236	1	1	14	
707	237	6	1	19	
708	237	24	1	4	
709	238	8	1	20.5	
710	238	6	2	19	
711	239	4	1	18	
712	239	5	1	17	
713	239	24	1	4	
714	239	29	1	5.5	
715	240	3	1	20	
716	240	7	1	19.5	
717	240	23	1	4.5	
718	241	7	2	19.5	
719	241	5	1	17	
720	241	26	1	4.5	
721	242	5	2	17	
722	243	4	1	18	
723	243	1	1	14	
724	244	7	1	19.5	
725	244	4	1	18	
726	244	8	1	20.5	
727	245	7	1	19.5	
728	245	4	1	18	
729	245	1	2	14	
730	245	22	1	4	
731	245	25	1	5	
732	246	7	1	19.5	
733	247	8	1	20.5	
734	247	1	1	14	
735	247	4	1	18	
736	247	25	1	5	
737	247	27	1	6	
738	248	6	2	19	
739	248	7	1	19.5	
740	248	24	1	4	
741	249	1	1	14	
742	249	29	1	5.5	
743	250	1	1	14	
744	250	2	1	18	
745	251	6	1	19	
746	251	1	1	14	
747	251	24	1	4	
748	252	5	1	17	
749	253	7	1	19.5	
750	253	4	1	18	
751	253	26	1	4.5	
752	254	5	1	17	
753	254	26	1	4.5	
754	254	27	1	6	
755	255	2	1	18	
756	255	21	1	3	
757	255	27	1	6	
758	256	4	1	18	
759	256	21	1	3	
760	257	2	1	18	
761	257	1	2	14	
762	257	24	1	4	
763	258	3	2	20	
764	258	26	1	4.5	
765	258	30	1	5	
766	259	1	2	14	
767	259	5	1	17	
768	259	21	1	3	
769	260	8	1	20.5	
770	260	5	1	17	
771	260	3	1	20	
772	261	7	1	19.5	
773	261	4	1	18	
774	262	2	2	18	
775	262	25	1	5	
776	262	25	1	5	
777	262	30	1	5	
778	263	8	1	20.5	
779	263	1	1	14	
780	263	25	1	5	
781	264	3	1	20	
782	264	1	2	14	
783	264	27	1	6	
784	265	2	1	18	
785	265	21	1	3	
786	265	27	1	6	
787	266	4	1	18	
788	266	7	1	19.5	
789	267	8	1	20.5	
790	267	3	1	20	
791	267	5	1	17	
792	267	25	1	5	
793	267	25	1	5	
794	267	27	1	6	
795	268	6	1	19	
796	268	8	1	20.5	
797	268	21	1	3	
798	269	7	1	19.5	
799	269	27	1	6	
800	270	1	1	14	
801	270	8	1	20.5	
802	271	6	1	19	
803	271	1	1	14	
804	271	25	1	5	
805	272	3	2	20	
806	272	6	1	19	
807	272	1	1	14	
808	273	6	1	19	
809	273	4	2	18	
810	273	21	1	3	
811	274	4	1	18	
812	274	22	1	4	
813	274	23	1	4.5	
814	275	5	1	17	
815	276	2	2	18	
816	276	21	1	3	
817	277	7	1	19.5	
818	277	4	1	18	
819	277	1	1	14	
820	277	25	1	5	
821	278	1	2	14	
822	278	5	2	17	
823	278	6	1	19	
824	278	28	1	6	
825	279	3	2	20	
826	280	4	1	18	
827	280	22	1	4	
828	280	26	1	4.5	
829	281	7	1	19.5	
830	281	22	1	4	
831	281	26	1	4.5	
832	281	28	1	6	
833	282	1	2	14	
834	282	3	1	20	
835	282	8	2	20.5	
836	283	3	1	20	
837	283	4	1	18	
838	284	3	2	20	
839	284	7	1	19.5	
840	284	2	1	18	
841	284	23	1	4.5	
842	285	8	1	20.5	
843	285	7	1	19.5	
844	285	25	1	5	
845	286	4	1	18	
846	286	24	1	4	
847	287	4	2	18	
848	287	5	1	17	
849	287	24	1	4	
850	288	2	1	18	
851	288	7	1	19.5	
852	288	23	1	4.5	
853	289	5	1	17	
854	289	1	1	14	
855	289	22	1	4	
856	290	8	1	20.5	
857	291	1	1	14	
858	291	24	1	4	
859	291	26	1	4.5	
860	292	3	1	20	
861	292	25	1	5	
862	293	8	1	20.5	
863	293	6	1	19	
864	293	24	1	4	
865	293	28	1	6	
866	294	7	2	19.5	
867	294	4	2	18	
868	294	28	1	6	
869	295	8	1	20.5	
870	295	22	1	4	
871	296	8	1	20.5	
872	296	3	1	20	
873	296	28	1	6	
874	297	1	1	14	
875	297	2	1	18	
876	297	25	1	5	
877	297	29	1	5.5	
878	298	8	1	20.5	
879	298	4	1	18	
880	298	3	1	20	
881	298	22	1	4	
882	299	5	1	17	
883	299	1	1	14	
884	299	8	2	20.5	
885	300	1	2	14	
886	300	21	1	3	
887	300	21	1	3	
888	301	3	2	20	
889	302	6	1	19	
890	302	1	1	14	
891	302	4	1	18	
892	302	28	1	6	
893	303	3	1	20	
894	304	1	1	14	
895	305	7	2	19.5	
896	305	2	1	18	
897	305	6	1	19	
898	305	30	1	5	
899	306	1	1	14	
900	306	6	1	19	
901	306	2	1	18	
902	306	28	1	6	
903	307	4	1	18	
904	307	2	1	18	
905	307	23	1	4.5	
906	307	30	1	5	
907	308	8	1	20.5	
908	308	4	1	18	
909	308	23	1	4.5	
910	308	25	1	5	
911	309	2	2	18	
912	309	3	2	20	
913	310	2	1	18	
914	310	4	2	18	
915	310	23	1	4.5	
916	311	4	1	18	
917	311	2	1	18	
918	311	22	1	4	
919	311	30	1	5	
920	312	2	1	18	
921	312	6	1	19	
922	312	26	1	4.5	
923	313	6	2	19	
924	313	7	1	19.5	
925	313	27	1	6	
926	314	8	1	20.5	
927	314	2	1	18	
928	314	5	2	17	
929	314	24	1	4	
930	315	6	1	19	
931	315	1	1	14	
932	315	5	1	17	
933	315	21	1	3	
934	316	6	1	19	
935	316	8	1	20.5	
936	317	2	1	18	
937	317	7	1	19.5	
938	318	1	1	14	
939	318	7	1	19.5	
940	319	1	2	14	
941	319	25	1	5	
942	320	2	1	18	
943	320	1	1	14	
944	320	4	1	18	
945	321	7	1	19.5	
946	322	2	1	18	
947	323	3	1	20	
948	323	5	2	17	
949	323	28	1	6	
950	324	5	1	17	
951	324	25	1	5	
952	325	4	1	18	
953	325	6	1	19	
954	325	28	1	6	
955	326	4	1	18	
956	326	6	1	19	
957	326	5	1	17	
958	326	22	1	4	
959	326	28	1	6	
960	327	7	1	19.5	
961	327	6	2	19	
962	327	25	1	5	
963	327	26	1	4.5	
964	328	3	1	20	
965	328	6	1	19	
966	328	26	1	4.5	
967	329	4	1	18	
968	329	1	1	14	
969	329	24	1	4	
970	330	3	1	20	
971	330	25	1	5	
972	331	2	1	18	
973	331	8	2	20.5	
974	331	25	1	5	
975	331	22	1	4	
976	332	1	1	14	
977	332	2	1	18	
978	333	2	1	18	
979	333	22	1	4	
980	334	3	1	20	
981	334	4	1	18	
982	334	26	1	4.5	
983	334	26	1	4.5	
984	334	28	1	6	
985	335	2	2	18	
986	335	5	2	17	
987	335	23	1	4.5	
988	335	28	1	6	
989	336	5	1	17	
990	336	8	1	20.5	
991	337	7	1	19.5	
992	337	4	2	18	
993	338	5	1	17	
994	339	4	2	18	
995	339	1	1	14	
996	339	30	1	5	
997	340	4	1	18	
998	341	6	2	19	
999	341	7	1	19.5	
1000	341	27	1	6	
1001	342	1	1	14	
1002	342	27	1	6	
1003	343	8	1	20.5	
1004	343	2	1	18	
1005	343	1	2	14	
1006	343	23	1	4.5	
1007	343	30	1	5	
1008	344	4	2	18	
1009	344	1	1	14	
1010	345	7	1	19.5	
1011	345	5	1	17	
1012	345	21	1	3	
1013	346	3	1	20	
1014	346	6	1	19	
1015	347	2	1	18	
1016	347	8	1	20.5	
1017	347	24	1	4	
1018	347	25	1	5	
1019	348	2	1	18	
1020	348	3	1	20	
1021	348	7	1	19.5	
1022	348	28	1	6	
1023	349	3	1	20	
1024	349	8	1	20.5	
1025	349	29	1	5.5	
1026	350	4	1	18	
1027	350	2	2	18	
1028	350	22	1	4	
1029	351	6	1	19	
1030	352	5	1	17	
1031	352	1	1	14	
1032	352	21	1	3	
1033	352	30	1	5	
1034	353	8	1	20.5	
1035	353	5	1	17	
1036	353	6	2	19	
1037	353	23	1	4.5	
1038	353	22	1	4	
1039	353	27	1	6	
1040	354	6	1	19	
1041	354	28	1	6	
1042	355	5	1	17	
1043	355	2	1	18	
1044	355	30	1	5	
1045	356	6	1	19	
1046	356	2	2	18	
1047	356	26	1	4.5	
1048	356	29	1	5.5	
1049	357	7	1	19.5	
1050	357	1	2	14	
1051	358	1	2	14	
1052	358	7	1	19.5	
1053	358	25	1	5	
1054	359	2	2	18	
1055	360	7	1	19.5	
1056	360	6	2	19	
1057	360	23	1	4.5	
1058	360	29	1	5.5	
1059	361	3	1	20	
1060	361	6	1	19	
1061	361	23	1	4.5	
1062	362	8	2	20.5	
1063	362	7	1	19.5	
1064	362	30	1	5	
1065	363	4	1	18	
1066	363	8	1	20.5	
1067	364	1	1	14	
1068	364	3	1	20	
1069	364	5	1	17	
1070	364	24	1	4	
1071	364	28	1	6	
1072	365	2	2	18	
1073	365	6	1	19	
1074	365	5	1	17	
1075	365	25	1	5	
1076	365	26	1	4.5	
1077	366	3	1	20	
1078	366	25	1	5	
1079	367	4	1	18	
1080	367	8	1	20.5	
1081	367	24	1	4	
1082	368	2	1	18	
1083	368	1	2	14	
1084	368	3	1	20	
1085	368	22	1	4	
1086	368	27	1	6	
1087	369	5	1	17	
1088	369	4	1	18	
1089	369	26	1	4.5	
1090	370	5	2	17	
1091	370	2	1	18	
1092	371	6	1	19	
1093	372	8	2	20.5	
1094	372	22	1	4	
1095	373	8	1	20.5	
1096	373	21	1	3	
1097	374	6	1	19	
1098	374	5	1	17	
1099	374	26	1	4.5	
1100	374	21	1	3	
1101	375	7	1	19.5	
1102	375	2	2	18	
1103	375	5	1	17	
1104	375	26	1	4.5	
1105	375	21	1	3	
1106	376	2	1	18	
1107	376	3	1	20	
1108	376	24	1	4	
1109	376	29	1	5.5	
1110	377	5	1	17	
1111	377	26	1	4.5	
1112	377	24	1	4	
1113	378	5	2	17	
1114	378	26	1	4.5	
1115	379	3	1	20	
1116	379	8	1	20.5	
1117	379	6	1	19	
1118	379	30	1	5	
1119	380	2	2	18	
1120	380	22	1	4	
1121	381	2	1	18	
1122	381	6	1	19	
1123	381	24	1	4	
1124	381	23	1	4.5	
1125	381	28	1	6	
1126	382	2	1	18	
1127	382	25	1	5	
1128	383	8	2	20.5	
1129	383	5	1	17	
1130	383	4	1	18	
1131	383	22	1	4	
1132	384	7	2	19.5	
1133	384	1	1	14	
1134	384	8	1	20.5	
1135	384	30	1	5	
1136	385	3	1	20	
1137	385	4	2	18	
1138	385	29	1	5.5	
1139	386	2	1	18	
1140	386	5	2	17	
1141	387	7	1	19.5	
1142	387	26	1	4.5	
1143	387	27	1	6	
1144	388	8	1	20.5	
1145	388	7	1	19.5	
1146	388	26	1	4.5	
1147	388	21	1	3	
1148	388	30	1	5	
1149	389	1	1	14	
1150	389	8	1	20.5	
1151	389	3	2	20	
1152	389	27	1	6	
1153	390	8	1	20.5	
1154	390	2	1	18	
1155	391	5	1	17	
1156	391	2	1	18	
1157	391	23	1	4.5	
1158	392	5	1	17	
1159	392	24	1	4	
1160	393	6	1	19	
1161	393	2	2	18	
1162	393	4	1	18	
1163	394	8	1	20.5	
1164	394	4	2	18	
1165	394	1	1	14	
1166	395	1	1	14	
1167	395	29	1	5.5	
1168	396	2	1	18	
1169	396	21	1	3	
1170	396	22	1	4	
1171	396	29	1	5.5	
1172	397	1	1	14	
1173	397	21	1	3	
1174	397	30	1	5	
1175	398	7	1	19.5	
1176	398	6	1	19	
1177	398	24	1	4	
1178	398	29	1	5.5	
1179	399	4	1	18	
1180	399	24	1	4	
1181	399	22	1	4	
1182	400	8	1	20.5	
1183	400	23	1	4.5	
1184	400	24	1	4	
1185	401	2	1	18	
1186	401	8	2	20.5	
1187	401	25	1	5	
1188	402	6	1	19	
1189	402	1	1	14	
1190	402	22	1	4	
1191	402	25	1	5	
1192	402	30	1	5	
1193	403	2	1	18	
1194	403	5	1	17	
1195	403	1	1	14	
1196	403	26	1	4.5	
1197	403	23	1	4.5	
1198	404	3	1	20	
1199	404	27	1	6	
1200	405	6	1	19	
1201	405	4	1	18	
1202	405	28	1	6	
1203	406	8	1	20.5	
1204	406	1	1	14	
1205	406	26	1	4.5	
1206	406	25	1	5	
1207	407	7	1	19.5	
1208	407	3	1	20	
1209	407	2	1	18	
1210	407	25	1	5	
1211	407	29	1	5.5	
1212	408	6	1	19	
1213	408	7	1	19.5	
1214	408	27	1	6	
1215	409	5	2	17	
1216	409	1	1	14	
1217	409	4	2	18	
1218	410	4	1	18	
1219	410	7	1	19.5	
1220	410	23	1	4.5	
1221	411	3	1	20	
1222	411	4	2	18	
1223	412	1	2	14	
1224	412	7	1	19.5	
1225	412	4	2	18	
1226	412	25	1	5	
1227	413	8	1	20.5	
1228	413	6	1	19	
1229	414	2	1	18	
1230	414	8	1	20.5	
1231	414	24	1	4	
1232	414	24	1	4	
1233	415	3	2	20	
1234	415	6	1	19	
1235	415	23	1	4.5	
1236	416	1	1	14	
1237	416	3	2	20	
1238	417	2	2	18	
1239	417	29	1	5.5	
1240	418	5	2	17	
1241	418	27	1	6	
1242	419	4	2	18	
1243	420	1	1	14	
1244	421	4	2	18	
1245	421	21	1	3	
1246	421	23	1	4.5	
1247	422	8	2	20.5	
1248	422	22	1	4	
1249	423	8	1	20.5	
1250	423	2	1	18	
1251	423	1	1	14	
1252	424	1	2	14	
1253	424	21	1	3	
1254	424	29	1	5.5	
1255	425	2	1	18	
1256	425	4	2	18	
1257	425	27	1	6	
1258	426	1	1	14	
1259	426	8	1	20.5	
1260	427	2	1	18	
1261	428	1	2	14	
1262	428	7	1	19.5	
1263	428	23	1	4.5	
1264	428	25	1	5	
1265	429	4	1	18	
1266	429	8	1	20.5	
1267	429	23	1	4.5	
1268	430	6	1	19	
1269	430	4	2	18	
1270	430	8	1	20.5	
1271	430	21	1	3	
1272	431	5	1	17	
1273	431	3	1	20	
1274	431	24	1	4	
1275	432	6	1	19	
1276	433	5	1	17	
1277	433	7	1	19.5	
1278	433	30	1	5	
1279	434	2	1	18	
1280	434	21	1	3	
1281	435	5	2	17	
1282	435	7	1	19.5	
1283	436	5	2	17	
1284	436	3	2	20	
1285	436	4	2	18	
1286	437	1	1	14	
1287	437	25	1	5	
1288	437	27	1	6	
1289	438	7	1	19.5	
1290	438	1	2	14	
1291	439	1	2	14	
1292	440	2	1	18	
1293	440	1	1	14	
1294	441	6	1	19	
1295	441	22	1	4	
1296	441	23	1	4.5	
1297	441	29	1	5.5	
1298	442	8	1	20.5	
1299	442	5	1	17	
1300	443	6	1	19	
1301	443	1	2	14	
1302	443	7	1	19.5	
1303	443	23	1	4.5	
1304	443	25	1	5	
1305	444	7	2	19.5	
1306	444	4	1	18	
1307	444	3	1	20	
1308	445	2	2	18	
1309	445	22	1	4	
1310	446	7	1	19.5	
1311	446	3	2	20	
1312	447	8	1	20.5	
1313	447	4	1	18	
1314	447	2	2	18	
1315	447	25	1	5	
1316	447	25	1	5	
1317	448	8	1	20.5	
1318	448	26	1	4.5	
1319	448	21	1	3	
1320	449	2	1	18	
1321	449	6	1	19	
1322	449	25	1	5	
1323	450	1	1	14	
1324	450	22	1	4	
1325	451	4	1	18	
1326	451	1	1	14	
1327	451	25	1	5	
1328	452	5	1	17	
1329	453	8	1	20.5	
1330	453	3	2	20	
1331	454	1	1	14	
1332	455	8	1	20.5	
1333	455	6	1	19	
1334	455	2	1	18	
1335	455	25	1	5	
1336	456	1	1	14	
1337	456	5	1	17	
1338	456	23	1	4.5	
1339	457	2	1	18	
1340	457	5	2	17	
1341	457	29	1	5.5	
1342	458	2	2	18	
1343	458	1	1	14	
1344	458	25	1	5	
1345	459	4	1	18	
1346	459	1	1	14	
1347	459	3	1	20	
1348	459	26	1	4.5	
1349	459	25	1	5	
1350	460	4	1	18	
1351	460	5	2	17	
1352	460	1	1	14	
1353	461	1	1	14	
1354	461	30	1	5	
1355	462	8	1	20.5	
1356	462	5	1	17	
1357	462	22	1	4	
1358	462	21	1	3	
1359	462	27	1	6	
1360	463	8	1	20.5	
1361	463	2	1	18	
1362	464	6	1	19	
1363	464	5	1	17	
1364	464	21	1	3	
1365	465	6	2	19	
1366	465	26	1	4.5	
1367	465	25	1	5	
1368	466	5	1	17	
1369	467	2	1	18	
1370	467	8	1	20.5	
1371	467	5	1	17	
1372	467	22	1	4	
1373	467	21	1	3	
1374	468	8	1	20.5	
1375	468	4	1	18	
1376	468	23	1	4.5	
1377	469	5	2	17	
1378	469	6	1	19	
1379	469	25	1	5	
1380	470	6	2	19	
1381	470	5	1	17	
1382	471	5	1	17	
1383	471	3	1	20	
1384	472	6	1	19	
1385	472	1	2	14	
1386	472	5	2	17	
1387	473	3	1	20	
1388	474	3	1	20	
1389	474	6	1	19	
1390	474	21	1	3	
1391	475	3	2	20	
1392	475	6	1	19	
1393	476	5	1	17	
1394	476	2	1	18	
1395	476	23	1	4.5	
1396	476	23	1	4.5	
1397	477	1	1	14	
1398	477	26	1	4.5	
1399	478	4	1	18	
1400	478	3	1	20	
1401	478	24	1	4	
1402	479	6	1	19	
1403	479	3	1	20	
1404	480	1	1	14	
1405	480	2	1	18	
1406	481	3	1	20	
1407	481	2	2	18	
1408	481	21	1	3	
1409	481	26	1	4.5	
1410	481	28	1	6	
1411	482	6	2	19	
1412	482	22	1	4	
1413	483	3	1	20	
1414	483	4	1	18	
1415	483	21	1	3	
1416	484	6	1	19	
1417	484	21	1	3	
1418	484	30	1	5	
1419	485	1	1	14	
1420	485	3	2	20	
1421	486	3	1	20	
1422	486	5	2	17	
1423	487	6	1	19	
1424	487	7	1	19.5	
1425	487	26	1	4.5	
1426	488	6	1	19	
1427	488	3	1	20	
1428	488	23	1	4.5	
1429	488	23	1	4.5	
1430	489	3	2	20	
1431	489	6	1	19	
1432	489	26	1	4.5	
1433	490	2	1	18	
1434	490	3	1	20	
1435	490	30	1	5	
1436	491	6	1	19	
1437	491	5	1	17	
1438	491	27	1	6	
1439	492	3	1	20	
1440	492	8	1	20.5	
1441	492	21	1	3	
1442	493	1	1	14	
1443	493	3	1	20	
1444	493	24	1	4	
1445	493	23	1	4.5	
1446	494	6	1	19	
1447	494	4	1	18	
1448	494	29	1	5.5	
1449	495	2	1	18	
1450	495	1	1	14	
1451	496	6	2	19	
1452	496	8	1	20.5	
1453	496	24	1	4	
1454	496	30	1	5	
1455	497	3	1	20	
1456	497	22	1	4	
1457	497	22	1	4	
1458	498	8	2	20.5	
1459	498	6	1	19	
1460	498	22	1	4	
1461	498	28	1	6	
1462	499	3	1	20	
1463	499	4	1	18	
1464	499	5	1	17	
1465	500	2	1	18	
1466	500	6	2	19	
1467	500	5	1	17	
1468	500	25	1	5	
1469	501	7	2	19.5	
1470	501	6	2	19	
1471	501	3	2	20	
1472	501	23	1	4.5	
1473	501	23	1	4.5	
1474	501	30	1	5	
1475	502	6	1	19	
1476	502	5	1	17	
1477	502	3	1	20	
1478	503	7	1	19.5	
1479	504	8	1	20.5	
1480	504	2	1	18	
1481	504	4	1	18	
1482	504	24	1	4	
1483	504	24	1	4	
1484	505	4	2	18	
1485	505	3	1	20	
1486	505	6	1	19	
1487	506	4	1	18	
1488	506	23	1	4.5	
1489	507	4	1	18	
1490	507	2	1	18	
1491	507	30	1	5	
1492	508	2	1	18	
1493	508	6	2	19	
1494	509	5	1	17	
1495	509	6	1	19	
1496	509	22	1	4	
1497	510	2	1	18	
1498	511	8	1	20.5	
1499	511	1	1	14	
1500	511	24	1	4	
1501	511	22	1	4	
1502	512	5	1	17	
1503	512	26	1	4.5	
1504	513	8	1	20.5	
1505	513	7	1	19.5	
1506	513	21	1	3	
1507	514	5	2	17	
1508	515	2	2	18	
1509	515	26	1	4.5	
1510	515	21	1	3	
1511	516	8	1	20.5	
1512	516	2	1	18	
1513	517	6	1	19	
1514	517	3	1	20	
1515	517	2	2	18	
1516	518	8	1	20.5	
1517	518	25	1	5	
1518	518	21	1	3	
1519	519	8	1	20.5	
1520	519	6	1	19	
1521	519	2	1	18	
1522	519	25	1	5	
1523	519	24	1	4	
1524	519	28	1	6	
1525	520	6	1	19	
1526	520	22	1	4	
1527	520	22	1	4	
1528	521	6	1	19	
1529	521	2	1	18	
1530	521	8	1	20.5	
1531	521	21	1	3	
1532	522	2	1	18	
1533	522	1	1	14	
1534	522	24	1	4	
1535	522	26	1	4.5	
1536	523	2	2	18	
1537	523	4	1	18	
1538	524	5	1	17	
1539	524	6	2	19	
1540	525	3	1	20	
1541	525	2	1	18	
1542	525	5	2	17	
1543	525	29	1	5.5	
1544	526	3	2	20	
1545	526	2	1	18	
1546	527	2	1	18	
1547	527	4	1	18	
1548	527	21	1	3	
1549	527	26	1	4.5	
1550	528	8	1	20.5	
1551	528	6	1	19	
1552	528	25	1	5	
1553	529	3	1	20	
1554	529	6	1	19	
1555	529	1	1	14	
1556	530	6	1	19	
1557	530	24	1	4	
1558	531	1	2	14	
1559	531	5	1	17	
1560	531	21	1	3	
1561	532	4	2	18	
1562	532	7	1	19.5	
1563	532	25	1	5	
1564	532	29	1	5.5	
1565	533	3	1	20	
1566	533	5	1	17	
1567	534	2	1	18	
1568	534	1	1	14	
1569	534	21	1	3	
1570	534	29	1	5.5	
1571	535	5	1	17	
1572	535	7	1	19.5	
1573	536	6	1	19	
1574	536	23	1	4.5	
1575	536	30	1	5	
1576	537	2	1	18	
1577	537	1	1	14	
1578	537	23	1	4.5	
1579	538	8	1	20.5	
1580	538	2	1	18	
1581	538	5	1	17	
1582	538	26	1	4.5	
1583	539	6	1	19	
1584	539	8	1	20.5	
1585	540	1	1	14	
1586	540	6	1	19	
1587	540	23	1	4.5	
1588	541	6	1	19	
1589	541	8	1	20.5	
1590	541	27	1	6	
1591	542	8	1	20.5	
1592	542	3	1	20	
1593	542	23	1	4.5	
1594	542	25	1	5	
1595	543	5	2	17	
1596	543	29	1	5.5	
1597	544	5	1	17	
1598	544	1	1	14	
1599	544	27	1	6	
1600	545	7	1	19.5	
1601	545	6	1	19	
1602	545	5	1	17	
1603	545	22	1	4	
1604	546	3	2	20	
1605	547	4	1	18	
1606	547	24	1	4	
1607	548	6	1	19	
1608	548	1	1	14	
1609	549	7	1	19.5	
1610	549	2	1	18	
1611	549	5	2	17	
1612	549	21	1	3	
1613	550	3	2	20	
1614	2	20	1	3.5	5
1615	2	18	1	2.5	5
1616	2	12	1	2.5	6
1617	4	15	1	2	12
1618	4	16	1	1.5	13
1619	4	16	1	1.5	13
1620	4	20	1	3.5	14
1621	6	13	1	2.5	21
1622	6	10	1	2.5	21
1623	7	10	1	2.5	24
1624	7	15	1	2	24
1625	7	10	1	2.5	26
1626	9	12	1	2.5	31
1627	9	17	1	2	31
1628	9	13	1	2.5	32
1629	9	19	1	2	32
1630	11	13	1	2.5	38
1631	11	11	1	2	39
1632	12	20	1	3.5	42
1633	13	13	1	2.5	44
1634	13	17	1	2	44
1635	14	9	1	3	46
1636	14	16	1	1.5	47
1637	15	11	1	2	50
1638	16	18	1	2.5	53
1639	16	16	1	1.5	53
1640	18	20	1	3.5	55
1641	18	14	1	3	55
1642	19	13	1	2.5	58
1643	19	12	1	2.5	58
1644	19	11	1	2	59
1645	21	11	1	2	64
1646	23	15	1	2	69
1647	23	11	1	2	69
1648	24	9	1	3	72
1649	25	14	1	3	75
1650	25	11	1	2	75
1651	26	9	1	3	78
1652	27	18	1	2.5	82
1653	27	10	1	2.5	82
1654	29	11	1	2	86
1655	29	19	1	2	86
1656	29	16	1	1.5	87
1657	29	9	1	3	87
1658	32	12	1	2.5	100
1659	32	10	1	2.5	100
1660	32	10	1	2.5	101
1661	32	16	1	1.5	101
1662	33	16	1	1.5	102
1663	33	13	1	2.5	102
1664	33	11	1	2	103
1665	35	10	1	2.5	111
1666	36	17	1	2	113
1667	36	14	1	3	113
1668	36	18	1	2.5	114
1669	36	18	1	2.5	114
1670	37	20	1	3.5	118
1671	37	19	1	2	118
1672	39	12	1	2.5	121
1673	39	20	1	3.5	122
1674	39	12	1	2.5	122
1675	42	9	1	3	130
1676	43	18	1	2.5	132
1677	43	20	1	3.5	133
1678	45	15	1	2	138
1679	45	14	1	3	138
1680	49	14	1	3	150
1681	49	12	1	2.5	150
1682	50	19	1	2	153
1683	51	16	1	1.5	160
1684	52	17	1	2	163
1685	53	18	1	2.5	168
1686	53	13	1	2.5	168
1687	57	15	1	2	178
1688	57	12	1	2.5	178
1689	58	19	1	2	181
1690	66	12	1	2.5	203
1691	66	19	1	2	203
1692	67	17	1	2	205
1693	67	13	1	2.5	205
1694	69	17	1	2	210
1695	69	19	1	2	210
1696	70	16	1	1.5	213
1697	70	9	1	3	213
1698	70	11	1	2	215
1699	73	15	1	2	221
1700	73	15	1	2	221
1701	76	13	1	2.5	228
1702	78	16	1	1.5	232
1703	78	16	1	1.5	232
1704	80	11	1	2	238
1705	80	16	1	1.5	238
1706	81	16	1	1.5	242
1707	81	9	1	3	243
1708	82	17	1	2	245
1709	83	16	1	1.5	249
1710	84	10	1	2.5	254
1711	84	12	1	2.5	254
1712	85	17	1	2	257
1713	86	20	1	3.5	261
1714	87	20	1	3.5	265
1715	91	11	1	2	273
1716	92	17	1	2	278
1717	96	13	1	2.5	289
1718	97	16	1	1.5	292
1719	97	18	1	2.5	292
1720	98	14	1	3	294
1721	98	20	1	3.5	294
1722	101	14	1	3	305
1723	101	9	1	3	305
1724	102	11	1	2	308
1725	104	17	1	2	312
1726	104	9	1	3	312
1727	104	10	1	2.5	313
1728	106	16	1	1.5	317
1729	108	13	1	2.5	326
1730	109	14	1	3	329
1731	110	10	1	2.5	332
1732	112	18	1	2.5	339
1733	113	16	1	1.5	343
1734	113	20	1	3.5	343
1735	117	20	1	3.5	359
1736	120	13	1	2.5	365
1737	122	10	1	2.5	371
1738	122	9	1	3	371
1739	122	15	1	2	372
1740	122	10	1	2.5	372
1741	125	13	1	2.5	381
1742	125	18	1	2.5	382
1743	125	11	1	2	382
1744	127	13	1	2.5	387
1745	127	9	1	3	388
1746	127	16	1	1.5	388
1747	129	12	1	2.5	394
1748	129	17	1	2	394
1749	129	15	1	2	395
1750	129	9	1	3	395
1751	130	18	1	2.5	396
1752	130	14	1	3	396
1753	130	18	1	2.5	397
1754	132	12	1	2.5	401
1755	132	11	1	2	402
1756	132	17	1	2	402
1757	133	16	1	1.5	404
1758	135	13	1	2.5	409
1759	135	16	1	1.5	409
1760	137	20	1	3.5	415
1761	137	17	1	2	415
1762	137	9	1	3	416
1763	137	11	1	2	416
1764	138	12	1	2.5	417
1765	140	16	1	1.5	423
1766	140	10	1	2.5	424
1767	140	10	1	2.5	425
1768	140	15	1	2	425
1769	142	9	1	3	432
1770	143	13	1	2.5	434
1771	145	14	1	3	440
1772	146	12	1	2.5	441
1773	146	17	1	2	441
1774	146	12	1	2.5	442
1775	147	19	1	2	447
1776	148	16	1	1.5	448
1777	148	19	1	2	448
1778	148	10	1	2.5	449
1779	148	9	1	3	449
1780	150	20	1	3.5	454
1781	151	14	1	3	455
1782	151	15	1	2	455
1783	153	20	1	3.5	462
1784	156	9	1	3	471
1785	156	12	1	2.5	471
1786	159	20	1	3.5	479
1787	159	10	1	2.5	479
1788	162	9	1	3	486
1789	162	20	1	3.5	486
1790	162	19	1	2	487
1791	163	20	1	3.5	489
1792	163	19	1	2	489
1793	164	11	1	2	492
1794	164	17	1	2	492
1795	168	13	1	2.5	504
1796	170	15	1	2	507
1797	170	18	1	2.5	507
1798	173	19	1	2	518
1799	173	17	1	2	518
1800	174	10	1	2.5	521
1801	174	15	1	2	523
1802	175	11	1	2	525
1803	175	15	1	2	525
1804	175	16	1	1.5	526
1805	177	14	1	3	530
1806	177	15	1	2	530
1807	178	16	1	1.5	533
1808	178	11	1	2	533
1809	179	18	1	2.5	537
1810	179	18	1	2.5	537
1811	180	11	1	2	541
1812	180	15	1	2	541
1813	183	20	1	3.5	551
1814	184	17	1	2	556
1815	184	9	1	3	556
1816	185	14	1	3	558
1817	186	13	1	2.5	560
1818	186	17	1	2	560
1819	186	14	1	3	561
1820	190	11	1	2	574
1821	192	9	1	3	582
1822	192	11	1	2	582
1823	194	20	1	3.5	587
1824	194	15	1	2	587
1825	194	20	1	3.5	588
1826	194	15	1	2	588
1827	197	13	1	2.5	598
1828	198	19	1	2	601
1829	198	17	1	2	602
1830	199	11	1	2	605
1831	200	16	1	1.5	607
1832	201	15	1	2	609
1833	202	9	1	3	613
1834	202	10	1	2.5	613
1835	204	14	1	3	618
1836	205	12	1	2.5	621
1837	205	10	1	2.5	621
1838	208	15	1	2	629
1839	208	18	1	2.5	630
1840	208	18	1	2.5	630
1841	209	10	1	2.5	633
1842	209	15	1	2	633
1843	211	14	1	3	641
1844	211	14	1	3	641
1845	211	12	1	2.5	642
1846	213	12	1	2.5	646
1847	213	16	1	1.5	646
1848	215	12	1	2.5	648
1849	215	15	1	2	648
1850	217	12	1	2.5	655
1851	217	17	1	2	656
1852	217	15	1	2	656
1853	218	14	1	3	659
1854	220	16	1	1.5	665
1855	222	13	1	2.5	670
1856	222	10	1	2.5	670
1857	225	20	1	3.5	677
1858	225	11	1	2	677
1859	227	9	1	3	680
1860	229	20	1	3.5	686
1861	229	15	1	2	686
1862	231	9	1	3	691
1863	231	11	1	2	691
1864	234	19	1	2	700
1865	234	10	1	2.5	700
1866	234	15	1	2	701
1867	236	10	1	2.5	705
1868	236	9	1	3	705
1869	236	13	1	2.5	706
1870	236	19	1	2	706
1871	240	14	1	3	715
1872	240	18	1	2.5	715
1873	241	11	1	2	718
1874	242	10	1	2.5	721
1875	243	11	1	2	723
1876	244	15	1	2	725
1877	244	16	1	1.5	725
1878	245	16	1	1.5	729
1879	247	14	1	3	735
1880	247	19	1	2	735
1881	248	20	1	3.5	739
1882	249	12	1	2.5	741
1883	250	14	1	3	744
1884	250	20	1	3.5	744
1885	256	20	1	3.5	758
1886	257	16	1	1.5	760
1887	258	11	1	2	763
1888	258	20	1	3.5	763
1889	259	13	1	2.5	766
1890	259	13	1	2.5	766
1891	261	19	1	2	772
1892	263	14	1	3	779
1893	264	20	1	3.5	781
1894	264	11	1	2	782
1895	264	15	1	2	782
1896	265	10	1	2.5	784
1897	265	16	1	1.5	784
1898	266	12	1	2.5	787
1899	268	14	1	3	796
1900	268	12	1	2.5	796
1901	270	13	1	2.5	801
1902	271	19	1	2	803
1903	272	20	1	3.5	807
1904	276	15	1	2	815
1905	278	16	1	1.5	823
1906	278	20	1	3.5	823
1907	279	13	1	2.5	825
1908	279	14	1	3	825
1909	281	16	1	1.5	829
1910	282	11	1	2	833
1911	282	9	1	3	834
1912	282	9	1	3	834
1913	282	13	1	2.5	835
1914	283	12	1	2.5	837
1915	283	14	1	3	837
1916	284	14	1	3	838
1917	284	18	1	2.5	838
1918	285	19	1	2	842
1919	285	17	1	2	842
1920	286	15	1	2	845
1921	288	10	1	2.5	850
1922	289	15	1	2	853
1923	289	15	1	2	853
1924	290	15	1	2	856
1925	293	19	1	2	862
1926	293	9	1	3	863
1927	293	11	1	2	863
1928	294	16	1	1.5	866
1929	294	20	1	3.5	866
1930	295	16	1	1.5	869
1931	297	19	1	2	874
1932	297	10	1	2.5	874
1933	298	20	1	3.5	879
1934	298	16	1	1.5	880
1935	298	16	1	1.5	880
1936	299	19	1	2	882
1937	300	12	1	2.5	885
1938	302	19	1	2	889
1939	302	18	1	2.5	889
1940	302	15	1	2	890
1941	305	14	1	3	897
1942	305	19	1	2	897
1943	306	10	1	2.5	901
1944	307	12	1	2.5	904
1945	308	9	1	3	908
1946	308	15	1	2	908
1947	309	17	1	2	912
1948	312	17	1	2	920
1949	313	9	1	3	924
1950	313	11	1	2	924
1951	314	20	1	3.5	927
1952	315	9	1	3	931
1953	315	19	1	2	931
1954	317	18	1	2.5	937
1955	317	19	1	2	937
1956	320	15	1	2	942
1957	320	13	1	2.5	942
1958	320	19	1	2	943
1959	320	10	1	2.5	943
1960	322	15	1	2	946
1961	322	18	1	2.5	946
1962	323	14	1	3	948
1963	323	11	1	2	948
1964	326	20	1	3.5	955
1965	333	12	1	2.5	978
1966	337	19	1	2	991
1967	337	9	1	3	992
1968	337	20	1	3.5	992
1969	339	17	1	2	994
1970	339	16	1	1.5	994
1971	339	19	1	2	995
1972	339	17	1	2	995
1973	341	15	1	2	998
1974	341	14	1	3	999
1975	344	15	1	2	1008
1976	344	20	1	3.5	1008
1977	344	16	1	1.5	1009
1978	345	9	1	3	1011
1979	346	13	1	2.5	1013
1980	346	12	1	2.5	1014
1981	346	16	1	1.5	1014
1982	347	11	1	2	1015
1983	348	12	1	2.5	1019
1984	348	14	1	3	1019
1985	348	9	1	3	1020
1986	348	16	1	1.5	1021
1987	348	13	1	2.5	1021
1988	352	20	1	3.5	1030
1989	353	13	1	2.5	1034
1990	353	13	1	2.5	1036
1991	355	20	1	3.5	1042
1992	355	19	1	2	1043
1993	355	19	1	2	1043
1994	356	16	1	1.5	1045
1995	357	18	1	2.5	1049
1996	357	9	1	3	1050
1997	359	10	1	2.5	1054
1998	359	17	1	2	1054
1999	360	12	1	2.5	1056
2000	362	14	1	3	1063
2001	364	9	1	3	1067
2002	364	13	1	2.5	1068
2003	365	11	1	2	1073
2004	365	10	1	2.5	1073
2005	365	11	1	2	1074
2006	365	11	1	2	1074
2007	366	19	1	2	1077
2008	366	16	1	1.5	1077
2009	367	20	1	3.5	1079
2010	368	10	1	2.5	1083
2011	368	12	1	2.5	1084
2012	368	17	1	2	1084
2013	369	20	1	3.5	1087
2014	369	14	1	3	1087
2015	370	12	1	2.5	1091
2016	371	14	1	3	1092
2017	371	18	1	2.5	1092
2018	372	17	1	2	1093
2019	372	10	1	2.5	1093
2020	375	16	1	1.5	1101
2021	375	19	1	2	1101
2022	376	14	1	3	1107
2023	377	10	1	2.5	1110
2024	378	16	1	1.5	1113
2025	378	16	1	1.5	1113
2026	379	11	1	2	1117
2027	379	16	1	1.5	1117
2028	381	17	1	2	1122
2029	381	14	1	3	1122
2030	383	15	1	2	1129
2031	383	19	1	2	1129
2032	384	18	1	2.5	1134
2033	385	19	1	2	1137
2034	385	13	1	2.5	1137
2035	390	16	1	1.5	1153
2036	390	20	1	3.5	1153
2037	392	15	1	2	1158
2038	392	9	1	3	1158
2039	393	17	1	2	1160
2040	393	17	1	2	1161
2041	394	18	1	2.5	1164
2042	394	15	1	2	1164
2043	394	19	1	2	1165
2044	395	10	1	2.5	1166
2045	395	15	1	2	1166
2046	398	18	1	2.5	1175
2047	399	9	1	3	1179
2048	399	12	1	2.5	1179
2049	401	12	1	2.5	1185
2050	402	19	1	2	1188
2051	403	16	1	1.5	1195
2052	403	12	1	2.5	1195
2053	404	14	1	3	1198
2054	405	18	1	2.5	1201
2055	406	17	1	2	1203
2056	406	19	1	2	1203
2057	407	19	1	2	1207
2058	407	10	1	2.5	1207
2059	409	9	1	3	1215
2060	409	19	1	2	1216
2061	409	9	1	3	1216
2062	409	17	1	2	1217
2063	409	19	1	2	1217
2064	410	10	1	2.5	1218
2065	410	13	1	2.5	1218
2066	412	12	1	2.5	1223
2067	412	18	1	2.5	1223
2068	412	9	1	3	1224
2069	412	15	1	2	1224
2070	413	20	1	3.5	1227
2071	413	11	1	2	1228
2072	413	12	1	2.5	1228
2073	415	11	1	2	1233
2074	416	9	1	3	1237
2075	416	14	1	3	1237
2076	417	16	1	1.5	1238
2077	417	20	1	3.5	1238
2078	418	18	1	2.5	1240
2079	418	18	1	2.5	1240
2080	420	15	1	2	1243
2081	420	11	1	2	1243
2082	421	12	1	2.5	1244
2083	422	17	1	2	1247
2084	422	14	1	3	1247
2085	423	13	1	2.5	1249
2086	423	10	1	2.5	1250
2087	423	11	1	2	1250
2088	423	17	1	2	1251
2089	428	16	1	1.5	1262
2090	431	9	1	3	1272
2091	436	11	1	2	1285
2092	438	14	1	3	1290
2093	438	15	1	2	1290
2094	439	17	1	2	1291
2095	439	20	1	3.5	1291
2096	443	16	1	1.5	1302
2097	444	14	1	3	1306
2098	444	18	1	2.5	1306
2099	444	10	1	2.5	1307
2100	445	19	1	2	1308
2101	445	19	1	2	1308
2102	446	11	1	2	1310
2103	447	18	1	2.5	1312
2104	447	10	1	2.5	1312
2105	447	9	1	3	1314
2106	455	19	1	2	1334
2107	457	19	1	2	1340
2108	460	16	1	1.5	1350
2109	460	18	1	2.5	1350
2110	460	19	1	2	1351
2111	460	12	1	2.5	1352
2112	461	20	1	3.5	1353
2113	461	14	1	3	1353
2114	463	13	1	2.5	1361
2115	463	20	1	3.5	1361
2116	464	11	1	2	1363
2117	467	12	1	2.5	1371
2118	467	11	1	2	1371
2119	468	12	1	2.5	1374
2120	468	20	1	3.5	1375
2121	468	16	1	1.5	1375
2122	469	16	1	1.5	1378
2123	469	19	1	2	1378
2124	472	11	1	2	1384
2125	474	13	1	2.5	1388
2126	475	11	1	2	1391
2127	475	16	1	1.5	1392
2128	475	10	1	2.5	1392
2129	478	17	1	2	1399
2130	478	16	1	1.5	1400
2131	479	13	1	2.5	1402
2132	479	11	1	2	1402
2133	479	16	1	1.5	1403
2134	481	14	1	3	1407
2135	482	16	1	1.5	1411
2136	484	10	1	2.5	1416
2137	484	19	1	2	1416
2138	487	15	1	2	1423
2139	487	11	1	2	1424
2140	488	11	1	2	1427
2141	488	13	1	2.5	1427
2142	489	20	1	3.5	1431
2143	489	18	1	2.5	1431
2144	490	20	1	3.5	1434
2145	490	19	1	2	1434
2146	492	12	1	2.5	1440
2147	493	11	1	2	1442
2148	493	16	1	1.5	1442
2149	494	18	1	2.5	1446
2150	495	18	1	2.5	1449
2151	497	15	1	2	1455
2152	497	15	1	2	1455
2153	498	17	1	2	1458
2154	498	17	1	2	1458
2155	499	9	1	3	1464
2156	500	20	1	3.5	1467
2157	500	9	1	3	1467
2158	501	12	1	2.5	1469
2159	501	13	1	2.5	1469
2160	502	18	1	2.5	1475
2161	502	11	1	2	1477
2162	504	14	1	3	1479
2163	504	13	1	2.5	1480
2164	507	14	1	3	1490
2165	509	19	1	2	1495
2166	509	16	1	1.5	1495
2167	512	14	1	3	1502
2168	512	11	1	2	1502
2169	514	20	1	3.5	1507
2170	514	16	1	1.5	1507
2171	515	16	1	1.5	1508
2172	515	13	1	2.5	1508
2173	517	15	1	2	1515
2174	517	15	1	2	1515
2175	518	20	1	3.5	1516
2176	519	16	1	1.5	1519
2177	519	17	1	2	1519
2178	521	13	1	2.5	1528
2179	521	12	1	2.5	1528
2180	521	9	1	3	1529
2181	521	11	1	2	1529
2182	523	15	1	2	1536
2183	523	10	1	2.5	1536
2184	524	12	1	2.5	1538
2185	524	11	1	2	1539
2186	525	11	1	2	1541
2187	525	19	1	2	1542
2188	525	14	1	3	1542
2189	526	10	1	2.5	1544
2190	526	16	1	1.5	1545
2191	526	15	1	2	1545
2192	527	11	1	2	1547
2193	528	14	1	3	1551
2194	529	14	1	3	1553
2195	529	9	1	3	1553
2196	531	10	1	2.5	1558
2197	531	10	1	2.5	1558
2198	531	13	1	2.5	1559
2199	531	16	1	1.5	1559
2200	533	13	1	2.5	1566
2201	533	15	1	2	1566
2202	534	11	1	2	1567
2203	534	12	1	2.5	1567
2204	534	15	1	2	1568
2205	534	18	1	2.5	1568
2206	537	20	1	3.5	1577
2207	537	15	1	2	1577
2208	538	17	1	2	1580
2209	538	18	1	2.5	1580
2210	538	9	1	3	1581
2211	538	18	1	2.5	1581
2212	541	16	1	1.5	1588
2213	541	14	1	3	1589
2214	542	14	1	3	1592
2215	543	15	1	2	1595
2216	543	11	1	2	1595
2217	544	16	1	1.5	1598
2218	548	20	1	3.5	1607
2219	548	9	1	3	1607
